activity	time	p_smooth
FC	2.0	1.06444
PC	2.0	0.85888
DE	2.0	1.04555
FC	4.0	2.05555
PC	3.0	1.87777
DE	5.0	2.07555
FC	7.0	3.07555
PC	7.0	3.94534
DE	7.0	3.09555